{
    "AdvancedColumnSpacing": [[0, 0], [0, 0, 0], [0, 0, 0, 0], [0, 0, 0, 0, 0], [0, 0, 0, 0, 0, 0], [0, 0, 0, 0, 0, 0, 0], [0, 0, 0, 0, 0, 0, 0, 0], [0, 0, 0, 0, 0, 0, 0, 0, 0]],
    "AnimationFrameTime": 200,
    "Author": "Percyqaz",
    "ColumnLightDuration": 100,
    "ColumnSpacing": 0,
    "ColumnWidth": 150,
    "DroppedHoldColor": [255, 150, 150, 150],
    "EnableColumnLight": true,
    "EnableStageTextures": false,
    "FillColumnGaps": false,
    "FlipHoldTail": true,
    "HoldExplosionSettings": {
        "AnimationFrameTime": 50,
        "Colors": "Note",
        "Duration": 555,
        "ExpandAmount": 0.5,
        "ReleaseUseBuiltInAnimation": true,
        "Scale": 1.2,
        "UseReleaseExplosion": false
    },
    "HoldNoteTrim": 1,
    "LinearSampling": false,
    "Name": "Chocolate",
    "NoteColors": {
        "Colors": [[0, 1, 2, 3, 4, 5, 6, 7, 8, 9], [0, 1, 2, 3, 4, 5, 6, 7, 8, 9], [0, 1, 1, 0, 4, 5, 6, 7, 8, 9], [0, 1, 3, 1, 0, 5, 6, 7, 8, 9], [0, 1, 2, 3, 4, 5, 6, 7, 8, 9], [0, 1, 2, 3, 4, 5, 6, 7, 8, 9], [0, 1, 2, 3, 4, 5, 6, 7, 8, 9], [0, 1, 2, 3, 4, 5, 6, 7, 8, 9], [0, 1, 2, 3, 4, 5, 6, 7, 8, 9]],
        "Style": "DDR",
        "UseGlobalColors": true
    },
    "NoteExplosionSettings": {
        "AnimationFrameTime": 50,
        "Colors": "Note",
        "Duration": 300,
        "ExpandAmount": 0.2,
        "Scale": 1,
        "UseBuiltInAnimation": true
    },
    "PlayfieldAlignment": [0.5, 0.5],
    "PlayfieldColor": [120, 0, 0, 0],
    "ReceptorStyle": "Rotate",
    "Rotations": [[90, 0, 270], [90, 0, 180, 270], [45, 135, 0, 225, 315], [90, 135, 0, 180, 225, 270], [135, 90, 45, 0, 315, 270, 225], [90, 0, 180, 270, 90, 0, 180, 270], [0, 0, 0, 0, 0, 0, 0, 0, 0], [45, 135, 0, 225, 315, 45, 135, 0, 225, 315]],
    "UseAdvancedColumnSpacing": false,
    "UseExplosions": true,
    "UseHoldTailTexture": true,
    "UseRotation": false
}