{
    "AdvancedColumnSpacing": [[0, 0], [0, 0, 0], [0, 0, 0, 0], [0, 0, 0, 0, 0], [0, 0, 0, 0, 0, 0], [0, 0, 0, 0, 0, 0, 0], [0, 0, 0, 0, 0, 0, 0, 0], [0, 0, 0, 0, 0, 0, 0, 0, 0]],
    "AnimationFrameTime": 200,
    "ColumnLightColors": [[0, 1, 2], [0, 1, 2, 3], [0, 1, 2, 3, 4], [0, 1, 2, 3, 4, 5], [0, 1, 2, 3, 4, 5, 6], [0, 1, 2, 3, 4, 5, 6, 7], [0, 1, 2, 3, 4, 5, 6, 7, 8], [0, 1, 2, 3, 4, 5, 6, 7, 8, 9]],
    "ColumnLightDuration": 100,
    "ColumnLightOffset": 0,
    "ColumnSpacing": 0,
    "ColumnWidth": 150,
    "DroppedHoldColor": [255, 150, 150, 150],
    "EnableColumnLight": true,
    "EnableStageTextures": false,
    "FillColumnGaps": false,
    "FlipHoldTail": true,
    "HoldExplosionSettings": {
        "AnimationFrameTime": 50,
        "Colors": "Note",
        "Duration": 555,
        "ExpandAmount": 0.5,
        "Offset": 0,
        "ReleaseUseBuiltInAnimation": true,
        "Scale": 1.2,
        "UseReleaseExplosion": false
    },
    "HoldNoteTrim": 1,
    "JudgementLineOffset": 0,
    "JudgementLineScale": 1,
    "LinearSampling": false,
    "NoteColors": {
        "Colors": [[0, 1, 2, 3, 4, 5, 6, 7, 8, 9], [0, 1, 2, 3, 4, 5, 6, 7, 8, 9], [0, 1, 1, 0, 4, 5, 6, 7, 8, 9], [0, 1, 3, 1, 0, 5, 6, 7, 8, 9], [0, 1, 2, 3, 4, 5, 6, 7, 8, 9], [0, 1, 2, 3, 4, 5, 6, 7, 8, 9], [0, 1, 2, 3, 4, 5, 6, 7, 8, 9], [0, 1, 2, 3, 4, 5, 6, 7, 8, 9], [0, 1, 2, 3, 4, 5, 6, 7, 8, 9]],
        "Style": "DDR",
        "UseGlobalColors": true
    },
    "NoteExplosionSettings": {
        "AnimationFrameTime": 50,
        "Colors": "Note",
        "Duration": 300,
        "ExpandAmount": 0.2,
        "Offset": 0,
        "Scale": 1,
        "UseBuiltInAnimation": true
    },
    "NotesUnderReceptors": false,
    "PlayfieldAlignment": [0.5, 0.5],
    "PlayfieldColor": [120, 0, 0, 0],
    "ReceptorColors": [[0, 1, 2], [0, 1, 2, 3], [0, 1, 2, 3, 4], [0, 1, 2, 3, 4, 5], [0, 1, 2, 3, 4, 5, 6], [0, 1, 2, 3, 4, 5, 6, 7], [0, 1, 2, 3, 4, 5, 6, 7, 8], [0, 1, 2, 3, 4, 5, 6, 7, 8, 9]],
    "ReceptorOffset": 0,
    "ReceptorStyle": "Receptors",
    "Rotations": [[90, 0, 270], [90, 0, 180, 270], [45, 135, 0, 225, 315], [90, 135, 0, 180, 225, 270], [135, 90, 45, 0, 315, 270, 225], [90, 0, 180, 270, 90, 0, 180, 270], [0, 0, 0, 0, 0, 0, 0, 0, 0], [45, 135, 0, 225, 315, 45, 135, 0, 225, 315]],
    "UseAdvancedColumnSpacing": false,
    "UseExplosions": true,
    "UseHoldTailTexture": true,
    "UseJudgementLine": false,
    "UseReceptors": true,
    "UseRotation": false
}